id;vnom;vime;bgime;bgadres
1;upliftingly;opposite;skeleton;petty navigate weakly
2;blissfully;low white;connect beautifully bashfully;as during
3;bah;meanwhile;yieldingly;whoever lest
4;sympathetically;briefly atop towards;although;woot catalyst
5;dual misjudge;providence consequently because;reproach tremendously;even
6;handful beside oof;hateful;nicely;meh
7;belabor gadzooks regarding;shocked;likewise sans;stealthily soon
8;ugh till;boo operating;finally vice;why off
9;clamor;only phew;meh;hubris who
10;unexpectedly customise ick;during hole;always seriously before;spook
